Time,Col2,Col3,Position,Col5
0.008,,,,0.0007673624309074636
0.016,,,,0.0007855435201493258
0.024,,,,0.0008461201560197621
0.032,,,,0.0008764084739549802
0.04,,,,0.0009733270421073124
0.048,,,,0.0010096689743892084
0.056,,,,0.0011368758604767587
0.064,,,,0.0011853452676538392
0.072,,,,0.0013307231198823374
0.08,,,,0.0013791824039585036
0.088,,,,0.001530623993634594
0.096,,,,0.0015851470151583525
0.104,,,,0.0017486958335277986
0.112,,,,0.001803218855051557
0.12,,,,0.0019607140590743254
0.128,,,,0.0020152370805980838
0.136,,,,0.00216666854717326
0.144,,,,0.0022151379543503403
0.152,,,,0.0023726331583731088
0.16,,,,0.002421092442449275
0.168,,,,0.0025785876464720432
0.176,,,,0.002639164282342479
0.184,,,,0.0028027232238128402
0.192,,,,0.0028572361222356847
0.2,,,,0.0030147313262584526
0.208,,,,0.0030692543477822106
0.216,,,,0.0032267495518049794
0.224,,,,0.003281272573328738
0.232,,,,0.003438767777351506
0.24,,,,0.0034932907988752646
0.248,,,,0.0036507860028980326
0.256,,,,0.003705298901320877
0.264,,,,0.003868857842791237
0.272,,,,0.003923370741214081
0.28,,,,0.0040869296826844415
0.288,,,,0.004141452704208201
0.296,,,,0.004305001522577647
0.304,,,,0.0043595245441014055
0.312,,,,0.0045170197481241734
0.32,,,,0.0045654790322003395
0.328,,,,0.004722974236223108
0.336,,,,0.004777497257746866
0.344,,,,0.004941056199217226
0.352,,,,0.0049955690976400706
0.36,,,,0.005165181653457109
0.368,,,,0.0052197046749808676
0.376,,,,0.005383253493350313
0.384,,,,0.005437776514874071
0.392,,,,0.005601325333243518
0.4,,,,0.005649794740420598
0.408,,,,0.005813343558790045
0.416,,,,0.005867866580313803
0.424,,,,0.006031415398683249
0.432,,,,0.006085938420207007
0.44,,,,0.006249497361677368
0.448,,,,0.00631006387444689
0.456,,,,0.0064736228159172505
0.464,,,,0.00652814583744101
0.472,,,,0.006691694655810455
0.48,,,,0.0067462176773342136
0.488,,,,0.00690976649570366
0.496,,,,0.006964289517227418
0.504,,,,0.007121784721250186
0.512,,,,0.007176307742773945
0.52,,,,0.007345920298590984
0.528,,,,0.007400433197013828
0.536,,,,0.007563992138484189
0.544,,,,0.007624568774354624
0.552,,,,0.007788117592724071
0.56,,,,0.00784264061424783
0.568,,,,0.00800619955571819
0.576,,,,0.008060712454141033
0.584,,,,0.008224271395611394
0.592,,,,0.008278784294034239
0.6,,,,0.0084423432355046
0.608,,,,0.008496866257028357
0.616,,,,0.008660415075397804
0.624,,,,0.008714938096921563
0.632,,,,0.008878486915291008
0.64,,,,0.008933009936814767
0.648,,,,0.009096558755184211
0.656,,,,0.00915108177670797
0.664,,,,0.009314640718178332
0.672,,,,0.009363100002254498
0.68,,,,0.009532712558071537
0.688,,,,0.00958722545649438
0.696,,,,0.009750784397964741
0.704,,,,0.009805297296387584
0.712,,,,0.009968856237857945
0.72,,,,0.010023379259381704
0.728,,,,0.010192991815198744
0.736,,,,0.010247504713621588
0.744,,,,0.010411063655091948
0.752,,,,0.010465576553514792
0.76,,,,0.010629135494985151
0.768,,,,0.010689712130855587
0.776,,,,0.010853271072325948
0.784,,,,0.010913837585095471
0.792,,,,0.01107739652656583
0.8,,,,0.011131919548089588
0.808,,,,0.011301532103906628
0.816,,,,0.011362108739777063
0.824,,,,0.011525657558146512
0.832,,,,0.011580180579670267
0.84,,,,0.011743729398039715
0.848,,,,0.011798252419563471
0.856,,,,0.011961811361033834
0.864,,,,0.012022377873803355
0.872,,,,0.012192000552721308
0.88,,,,0.012246513451144152
0.888,,,,0.012416126006961192
0.896,,,,0.01247064902848495
0.904,,,,0.012640261584301987
0.912,,,,0.012694774482724831
0.92,,,,0.01286438703854187
0.928,,,,0.012918910060065628
0.936,,,,0.013082458878435075
0.944,,,,0.01314303551430551
0.952,,,,0.013306594455775872
0.960001,,,,0.013367171091646307
0.968001,,,,0.013530719910015756
0.976001,,,,0.013585242931539513
0.984001,,,,0.01375485548735655
0.992001,,,,0.013809378508880308
1.000001,,,,0.013978991064697346
1.008001,,,,0.014039567700567784
1.016001,,,,0.014209180256384823
1.024001,,,,0.014263693154807666
1.032001,,,,0.014433305710624705
1.040001,,,,0.014487828732148463
1.048001,,,,0.014657441287965502
1.056001,,,,0.014711954186388345
1.064001,,,,0.014875513127858706
1.072001,,,,0.014930026026281549
1.080001,,,,0.015099638582098588
1.088001,,,,0.01515416160362235
1.096001,,,,0.015323774159439387
1.104001,,,,0.01537828705786223
1.112001,,,,0.015547899613679268
1.120001,,,,0.015602422635203029
1.128001,,,,0.015772035191020065
1.136001,,,,0.015826558212543824
1.144001,,,,0.01599617076836086
1.152001,,,,0.016050683666783704
1.160001,,,,0.01621424260825407
1.168001,,,,0.01626875550667691
1.176001,,,,0.01643231444814727
1.184001,,,,0.016486827346570115
1.192001,,,,0.016650386288040477
1.200001,,,,0.016704909309564232
1.208001,,,,0.016874521865381274
1.216001,,,,0.016929034763804116
1.224001,,,,0.017092593705274477
1.232001,,,,0.01714710660369732
1.240001,,,,0.017310665545167685
1.248001,,,,0.017365178443590527
1.256001,,,,0.017534801122508478
1.264001,,,,0.01758931402093132
1.272001,,,,0.017758926576748362
1.280001,,,,0.017813449598272118
1.288001,,,,0.01798306215408916
1.296001,,,,0.018043638789959595
1.304001,,,,0.018213251345776633
1.312001,,,,0.018273827981647065
1.320001,,,,0.018443440537464106
1.328001,,,,0.018504007050233633
1.336001,,,,0.01866756599170399
1.344001,,,,0.01872814262757443
1.352001,,,,0.018897755183391467
1.360001,,,,0.018952278204915223
1.368001,,,,0.019121890760732264
1.376001,,,,0.019176403659155107
1.384001,,,,0.019346016214972145
1.392001,,,,0.0194005392364959
1.400001,,,,0.019564088054865352
1.408001,,,,0.019618611076389108
1.416001,,,,0.019782159894758553
1.424001,,,,0.019836682916282312
1.432001,,,,0.02000629547209935
1.440001,,,,0.02006081849362311
1.448002,,,,0.020230431049440147
1.456002,,,,0.020284943947862993
1.464002,,,,0.020448502889333354
1.472002,,,,0.020503015787756197
1.480002,,,,0.020666574729226558
1.488002,,,,0.020715034013302727
1.496002,,,,0.02087859295477308
1.504002,,,,0.02093310585319593
1.512002,,,,0.02110271840901297
1.520002,,,,0.021157241430536725
1.528002,,,,0.021320790248906173
1.536002,,,,0.021375313270429932
1.544002,,,,0.02153887221190029
1.552002,,,,0.021593385110323136
1.560002,,,,0.021756944051793497
1.568002,,,,0.02181145695021634
1.576002,,,,0.0219750158916867
1.584002,,,,0.022029528790109543
1.592002,,,,0.022187034117233228
1.600002,,,,0.022241547015656074
1.608002,,,,0.022405105957126432
1.616002,,,,0.022459618855549278
1.624002,,,,0.022623177797019636
1.632002,,,,0.0226716370810958
1.640002,,,,0.022835196022566166
1.648002,,,,0.02288970892098901
1.656002,,,,0.023053267862459367
1.664002,,,,0.02310778076088221
1.672002,,,,0.023271339702352574
1.680002,,,,0.023325862723876333
1.688002,,,,0.023489411542245774
1.696002,,,,0.023543934563769537
1.704002,,,,0.02370748338213898
1.712002,,,,0.02376200640366274
1.720002,,,,0.0239255653451331
1.728002,,,,0.023980078243555945
1.736002,,,,0.024143637185026306
1.744002,,,,0.02419815008344915
1.752002,,,,0.024361709024919513
1.760002,,,,0.024416221923342356
1.768002,,,,0.024579780864812713
1.776002,,,,0.024634303886336473
1.784002,,,,0.02480391644215351
1.792002,,,,0.024858429340576353
1.800002,,,,0.025028041896393398
1.808002,,,,0.02508256491791715
1.816002,,,,0.02524006012193992
1.824002,,,,0.02529458314346368
1.832002,,,,0.025458131961833125
1.840002,,,,0.025512654983356885
1.848002,,,,0.02567620380172633
1.856002,,,,0.025736780437596765
1.864002,,,,0.025900339379067126
1.872002,,,,0.025954852277489972
1.880002,,,,0.02612446483330701
1.888002,,,,0.02617898785483077
1.896002,,,,0.026342546796301124
1.904002,,,,0.026397059694723973
1.912002,,,,0.02656667225054101
1.920002,,,,0.02662119527206477
1.928002,,,,0.02678474409043421
1.936002,,,,0.026839267111957974
1.944003,,,,0.02700281593032742
1.952003,,,,0.027057338951851178
1.960003,,,,0.027226951507668216
1.968003,,,,0.027281474529191975
1.976003,,,,0.027445023347561423
1.984003,,,,0.027505599983431855
1.992003,,,,0.02766915892490222
2.000003,,,,0.027723671823325063
2.008003,,,,0.027893284379142097
2.016002,,,,0.02794780740066586
2.024002,,,,0.028111356219035308
2.032002,,,,0.028165879240559064
2.040002,,,,0.028329438182029425
2.048002,,,,0.028383951080452267
2.056002,,,,0.02854751002192263
2.064002,,,,0.02860202292034547
2.072002,,,,0.028771635476162512
2.080002,,,,0.028826158497686268
2.088001,,,,0.028989707316055716
2.096001,,,,0.02904423033757948
2.104001,,,,0.029207789279049833
2.112001,,,,0.02926230217747268
2.120001,,,,0.02942586111894304
2.128001,,,,0.029480374017365887
2.136001,,,,0.029637879344489568
2.144001,,,,0.02969239224291241
2.152001,,,,0.02985595118438277
2.160001,,,,0.029910464082805614
2.168,,,,0.03007402302427598
2.176,,,,0.03012853592269882
2.184,,,,0.03029209486416918
2.192,,,,0.03034661788569294
2.2,,,,0.030516230441509976
2.208,,,,0.030570743339932822
2.216,,,,0.03074035589574986
2.224,,,,0.030794878917273623
2.232,,,,0.030964491473090657
2.24,,,,0.0310190043715135
2.247999,,,,0.031188616927330538
2.255999,,,,0.031243139948854297
2.263999,,,,0.031412752504671335
2.271999,,,,0.03146726540309418
2.279999,,,,0.03163082434456454
2.287999,,,,0.0316853473660883
2.295999,,,,0.03184889618445775
2.303999,,,,0.031903419205981505
2.311999,,,,0.03207303176179855
2.319999,,,,0.03212754466022139
2.327998,,,,0.03229110360169175
2.335998,,,,0.03234561650011459
2.343998,,,,0.03250917544158495
2.351998,,,,0.03256975207745538
2.359998,,,,0.032733311018925744
2.367998,,,,0.03278782391734859
2.375998,,,,0.03295743647316563
2.383998,,,,0.03301195949468939
2.391998,,,,0.033175508313058835
2.399997,,,,0.03323003133458259
2.407997,,,,0.03339359027605295
2.415997,,,,0.033448103174475795
2.423997,,,,0.03361771573029284
2.431997,,,,0.033672238751816595
2.439997,,,,0.03383578757018604
2.447997,,,,0.0338903105917098
2.455997,,,,0.03405992314752684
2.463997,,,,0.03411443604594968
2.471997,,,,0.03427799498742004
2.479996,,,,0.0343325180089438
2.487996,,,,0.03449606682731325
2.495996,,,,0.03455058984883701
2.503996,,,,0.03471413866720645
2.511996,,,,0.034762597951282614
2.519996,,,,0.034926156892752976
2.527996,,,,0.03498067991427673
2.535996,,,,0.035144228732646186
2.543996,,,,0.03519875175416994
2.551996,,,,0.03536836430998698
2.559995,,,,0.03542287720840982
2.567995,,,,0.035586436149880184
2.575995,,,,0.035640949048303026
2.583995,,,,0.035810571727220984
2.591995,,,,0.035871138239990503
2.599995,,,,0.036034697181460865
2.607995,,,,0.03608922020298463
2.615995,,,,0.03625276902135407
2.623995,,,,0.036307292042877824
2.631994,,,,0.03647084086124727
2.639994,,,,0.036525363882771035
2.647994,,,,0.03668892282424139
2.655994,,,,0.03674343572266424
2.663994,,,,0.036900930926687
2.671994,,,,0.03695545394821076
2.679994,,,,0.03711900276658021
2.687994,,,,0.03717352578810396
2.695994,,,,0.03733708472957433
2.703994,,,,0.037391597627997174
2.711993,,,,0.037549092832019945
2.719993,,,,0.0376036158535437
2.727993,,,,0.037767174795014055
2.735993,,,,0.037821687693436905
2.743993,,,,0.03799130024925394
2.751993,,,,0.03805793049947106
2.759993,,,,0.03823966040708236
2.767993,,,,0.0383002370429528
2.775993,,,,0.03847591333621743
2.783993,,,,0.03853648997208787
2.791992,,,,0.038706102527904906
2.799992,,,,0.03876061542632775
2.807992,,,,0.038930227982144794
2.815992,,,,0.03898475100366854
2.823992,,,,0.03914829982203799
2.831992,,,,0.03920282284356175
2.839992,,,,0.039372435399378784
2.847992,,,,0.03942694829780163
2.855992,,,,0.039590507239271995
2.863991,,,,0.03965108387514243
2.871991,,,,0.03981464281661279
2.879991,,,,0.03986915571503564
2.887991,,,,0.04003271465650599
2.895991,,,,0.04008722755492884
2.903991,,,,0.0402507864963992
2.911991,,,,0.040305299394822046
2.919991,,,,0.04046885833629241
2.927991,,,,0.040517317620368566
2.935991,,,,0.040686930176185604
2.94399,,,,0.04074145319770937
2.95199,,,,0.04091106575352641
2.95999,,,,0.04096557865194925
2.96799,,,,0.041135191207766285
2.97599,,,,0.04118971422929005
2.98399,,,,0.0413532731707604
2.99199,,,,0.04140778606918325
2.99999,,,,0.04157739862500028
3.00799,,,,0.041631921646524045
3.01599,,,,0.0417954704648935
3.023989,,,,0.04184999348641725
3.031989,,,,0.04200748869044002
3.039989,,,,0.042062011711963776
3.047989,,,,0.04222556053033322
3.055989,,,,0.04228008355185698
3.063989,,,,0.04244363237022643
3.071989,,,,0.04249815539175019
3.079989,,,,0.04266776794756723
3.087989,,,,0.042722280845990064
3.095989,,,,0.042879786173113756
3.103988,,,,0.04293429907153659
3.111988,,,,0.04310391162735363
3.119988,,,,0.0431584346488774
3.127988,,,,0.04332804720469443
3.135988,,,,0.04338256010311727
3.143988,,,,0.04355217265893432
3.151988,,,,0.04360669568045807
3.159988,,,,0.043770244498827514
3.167988,,,,0.04383082113469795
3.175987,,,,0.043994380076168314
3.183987,,,,0.04404890309769207
3.191987,,,,0.044212451916061525
3.199987,,,,0.044266974937585274
3.207987,,,,0.04443658749340231
3.215987,,,,0.04449110039182516
3.223987,,,,0.04465465933329552
3.231987,,,,0.04470917223171837
3.239987,,,,0.044872731173188726
3.247987,,,,0.04492725419471248
3.255986,,,,0.04509686675052952
3.263986,,,,0.04515137964895236
3.271986,,,,0.04531493859042273
3.279986,,,,0.04536945148884557
3.287986,,,,0.045533010430315934
3.295986,,,,0.04558753345183968
3.303986,,,,0.04575714600765673
3.311986,,,,0.04581165890607957
3.319986,,,,0.04598127146189661
3.327986,,,,0.04603579448342038
3.335985,,,,0.04619934330178982
3.343985,,,,0.04625386632331357
3.351985,,,,0.04641741514168302
3.359985,,,,0.046477991777553455
3.367985,,,,0.04664155071902381
3.375985,,,,0.04669607374054757
3.383985,,,,0.04685962255891702
3.391985,,,,0.04691414558044078
3.399985,,,,0.047077694398810224
3.407984,,,,0.04713221742033398
3.415984,,,,0.04729576623870343
3.423984,,,,0.047350289260227184
3.431984,,,,0.047513848201697545
3.439984,,,,0.047568361100120395
3.447984,,,,0.047731920041590756
3.455984,,,,0.0477864329400136
3.463984,,,,0.047956045495830636
3.471984,,,,0.04801056851735439
3.479984,,,,0.04817412745882475
3.487983,,,,0.048228640357247596
3.495983,,,,0.04839825291306464
3.503983,,,,0.0484527759345884
3.511983,,,,0.048616324752957844
3.519983,,,,0.04867084777448159
3.527983,,,,0.048828342978504365
3.535983,,,,0.04888286600002812
3.543983,,,,0.049046414818397575
3.551983,,,,0.04909487410247374
3.559983,,,,0.049252379429597426
3.567982,,,,0.049300838713673585
3.575982,,,,0.04941592824796687
3.583982,,,,0.04944621656590208
3.591982,,,,0.04948862223563157
3.599982,,,,0.04947045126949063
3.607982,,,,0.049361415349544024
3.615982,,,,0.04928872136187932
3.623982,,,,0.04901007288611568
3.631982,,,,0.0488889196143748
3.639982,,,,0.04849517148121697
3.647981,,,,0.048349793628988474
3.655981,,,,0.04790758621175447
3.663981,,,,0.04775614462207838
3.671981,,,,0.04732000094229197
3.679981,,,,0.04718067670441015
3.687981,,,,0.04677482134255897
3.695981,,,,0.04665366807081808
3.703981,,,,0.04630232560738974
3.711981,,,,0.04619934330178982
3.71998,,,,0.045926758563473766
3.72798,,,,0.04584800083836146
3.73598,,,,0.045648099964609216
3.74398,,,,0.04559358706618637
3.75198,,,,0.045448199090856956
3.75998,,,,0.045411857158575056
3.76798,,,,0.045327055942217004
3.77598,,,,0.04530282123862846
3.78398,,,,0.045248298217104695
3.79198,,,,0.045236190988411334
3.799979,,,,0.045187731704335175
3.807979,,,,0.04518166796688758
3.815979,,,,0.04515137964895236
3.823979,,,,0.045145326034605686
3.831979,,,,0.04513320868281141
3.839979,,,,0.04512715506846474
3.847979,,,,0.045121091331017146
3.855979,,,,0.04511503771667047
3.863979,,,,0.04509686675052952
3.871979,,,,0.04509686675052952
3.879978,,,,0.04507868566128766
3.887978,,,,0.04507868566128766
3.895978,,,,0.0450665784325943
3.903978,,,,0.0450665784325943
3.911978,,,,0.045060514695146714
3.919978,,,,0.045060514695146714
3.927978,,,,0.045060514695146714
3.935978,,,,0.045060514695146714
3.943978,,,,0.04505446108080004
3.951977,,,,0.04505446108080004
3.959977,,,,0.04505446108080004
3.967977,,,,0.04505446108080004
3.975977,,,,0.04505446108080004
3.983977,,,,0.04505446108080004
3.991977,,,,0.04505446108080004
3.999977,,,,0.04505446108080004
4.007977,,,,0.0450665784325943
4.015977,,,,0.04507263204694098
4.023977,,,,0.04507868566128766
4.031977,,,,0.045084749398735254
4.039977,,,,0.04507868566128766
4.047976,,,,0.04507263204694098
4.055976,,,,0.0450665784325943
4.063976,,,,0.0450665784325943
4.071976,,,,0.045060514695146714
4.079976,,,,0.045060514695146714
4.087976,,,,0.04505446108080004
4.095976,,,,0.04505446108080004
4.103976,,,,0.04505446108080004
4.111976,,,,0.04505446108080004
4.119976,,,,0.04504839734335244
4.127975,,,,0.04504839734335244
4.135975,,,,0.04504839734335244
4.143975,,,,0.04504839734335244
4.151975,,,,0.04504839734335244
4.159975,,,,0.04504839734335244
4.167975,,,,0.04504839734335244
4.175975,,,,0.04504839734335244
4.183975,,,,0.04504839734335244
4.191975,,,,0.04504839734335244
4.199975,,,,0.04504839734335244
4.207974,,,,0.04504839734335244
4.215974,,,,0.045042343729005764
4.223974,,,,0.045042343729005764
4.231974,,,,0.045042343729005764
4.239974,,,,0.045042343729005764
4.247974,,,,0.045042343729005764
4.255974,,,,0.045042343729005764
4.263974,,,,0.045042343729005764
4.271974,,,,0.04504839734335244
4.279974,,,,0.045042343729005764
4.287973,,,,0.045042343729005764
4.295973,,,,0.045042343729005764
4.303973,,,,0.045042343729005764
4.311973,,,,0.045042343729005764
4.319973,,,,0.045042343729005764
4.327973,,,,0.045042343729005764
4.335973,,,,0.045042343729005764
4.343973,,,,0.045042343729005764
4.351973,,,,0.045042343729005764
4.359972,,,,0.04503629011465908
4.367972,,,,0.04503629011465908
4.375972,,,,0.045042343729005764
4.383972,,,,0.045042343729005764
4.391972,,,,0.045042343729005764
4.399972,,,,0.045042343729005764
4.407972,,,,0.045042343729005764
4.415972,,,,0.045042343729005764
4.423972,,,,0.045042343729005764
4.431972,,,,0.045042343729005764
4.439971,,,,0.045042343729005764
4.447971,,,,0.045042343729005764
4.455971,,,,0.045042343729005764
4.463971,,,,0.045042343729005764
4.471971,,,,0.045042343729005764
4.479971,,,,0.045042343729005764
4.487971,,,,0.045042343729005764
4.495971,,,,0.045042343729005764
4.503971,,,,0.045042343729005764
4.511971,,,,0.045042343729005764
4.51997,,,,0.04504839734335244
4.52797,,,,0.04504839734335244
4.53597,,,,0.045042343729005764
4.54397,,,,0.045042343729005764
4.55197,,,,0.045042343729005764
4.55997,,,,0.045042343729005764
4.56797,,,,0.04503629011465908
4.57597,,,,0.04503629011465908
4.58397,,,,0.045042343729005764
4.591969,,,,0.045042343729005764
4.599969,,,,0.045042343729005764
4.607969,,,,0.045042343729005764
4.615969,,,,0.04504839734335244
4.623969,,,,0.04504839734335244
4.631969,,,,0.04504839734335244
4.639969,,,,0.04504839734335244
4.647969,,,,0.04504839734335244
4.655969,,,,0.04504839734335244
4.663969,,,,0.04504839734335244
4.671968,,,,0.04504839734335244
4.679968,,,,0.04504839734335244
4.687968,,,,0.04504839734335244
4.695968,,,,0.04504839734335244
4.703968,,,,0.04504839734335244
4.711968,,,,0.04504839734335244
4.719968,,,,0.04504839734335244
4.727968,,,,0.045042343729005764
4.735968,,,,0.045042343729005764
4.743968,,,,0.04504839734335244
4.751967,,,,0.04504839734335244
4.759967,,,,0.04504839734335244
4.767967,,,,0.04504839734335244
4.775967,,,,0.04504839734335244
4.783967,,,,0.04504839734335244
4.791967,,,,0.04505446108080004
4.799967,,,,0.04505446108080004
4.807967,,,,0.04505446108080004
4.815967,,,,0.04505446108080004
4.823967,,,,0.04505446108080004
4.831966,,,,0.04505446108080004
4.839966,,,,0.04505446108080004
4.847966,,,,0.04505446108080004
4.855966,,,,0.04505446108080004
4.863966,,,,0.04505446108080004
4.871966,,,,0.04505446108080004
4.879966,,,,0.04505446108080004
4.887966,,,,0.04505446108080004
4.895966,,,,0.04505446108080004
4.903965,,,,0.04505446108080004
4.911965,,,,0.04505446108080004
4.919965,,,,0.04505446108080004
4.927965,,,,0.04505446108080004
4.935965,,,,0.04505446108080004
4.943965,,,,0.04505446108080004
4.951965,,,,0.04505446108080004
4.959965,,,,0.04505446108080004
4.967965,,,,0.04505446108080004
4.975965,,,,0.04505446108080004
4.983964,,,,0.04505446108080004
4.991964,,,,0.04505446108080004
4.999964,,,,0.04505446108080004
5.007964,,,,0.04505446108080004
5.015964,,,,0.04505446108080004
5.023964,,,,0.04505446108080004
5.031964,,,,0.04505446108080004
5.039964,,,,0.04505446108080004
5.047964,,,,0.04505446108080004
5.055964,,,,0.04505446108080004
5.063963,,,,0.04505446108080004
5.071963,,,,0.04505446108080004
5.079963,,,,0.04505446108080004
5.087963,,,,0.04505446108080004
5.095963,,,,0.04505446108080004
5.103963,,,,0.04505446108080004
5.111963,,,,0.04505446108080004
5.119963,,,,0.04505446108080004
5.127963,,,,0.04505446108080004
5.135962,,,,0.04505446108080004
5.143962,,,,0.04505446108080004
5.151962,,,,0.04505446108080004
5.159962,,,,0.04505446108080004
5.167962,,,,0.04505446108080004
5.175962,,,,0.04505446108080004
5.183962,,,,0.04505446108080004
5.191962,,,,0.04505446108080004
5.199962,,,,0.04505446108080004
5.207962,,,,0.04505446108080004
5.215961,,,,0.04505446108080004
5.223961,,,,0.04505446108080004
5.231961,,,,0.04505446108080004
5.239961,,,,0.04505446108080004
5.247961,,,,0.04505446108080004
5.255961,,,,0.04505446108080004
5.263961,,,,0.04505446108080004
5.271961,,,,0.04505446108080004
5.279961,,,,0.04505446108080004
5.287961,,,,0.04505446108080004
5.29596,,,,0.04505446108080004
5.30396,,,,0.045060514695146714
5.31196,,,,0.0450665784325943
5.31996,,,,0.04507263204694098
5.32796,,,,0.04507263204694098
5.33596,,,,0.04507868566128766
5.34396,,,,0.045084749398735254
5.35196,,,,0.045084749398735254
5.35996,,,,0.045084749398735254
5.367959,,,,0.04509080301308193
5.375959,,,,0.04509080301308193
5.383959,,,,0.04509080301308193
5.391959,,,,0.04509080301308193
5.399959,,,,0.04509686675052952
5.407959,,,,0.04509686675052952
5.415959,,,,0.04509686675052952
5.423959,,,,0.04509686675052952
5.431959,,,,0.04509686675052952
5.439959,,,,0.04509686675052952
5.447958,,,,0.04509686675052952
5.455958,,,,0.04509686675052952
5.463958,,,,0.04509686675052952
5.471958,,,,0.04509686675052952
5.479958,,,,0.04509686675052952
5.487958,,,,0.04509686675052952
5.495958,,,,0.04509080301308193
5.503958,,,,0.04509080301308193
5.511958,,,,0.04509080301308193
5.519958,,,,0.04509080301308193
5.527957,,,,0.04509080301308193
5.535957,,,,0.04509080301308193
5.543957,,,,0.04509080301308193
5.551957,,,,0.04509080301308193
5.559957,,,,0.04509080301308193
5.567957,,,,0.04509080301308193
5.575957,,,,0.04509080301308193
5.583957,,,,0.04509080301308193
5.591957,,,,0.04509686675052952
5.599957,,,,0.04509686675052952
5.607956,,,,0.04509686675052952
5.615956,,,,0.04509686675052952
5.623956,,,,0.045102920364876196
5.631956,,,,0.045102920364876196
5.639956,,,,0.045102920364876196
5.647956,,,,0.045102920364876196
5.655956,,,,0.045102920364876196
5.663956,,,,0.045102920364876196
5.671956,,,,0.045102920364876196
5.679955,,,,0.045102920364876196
5.687955,,,,0.045102920364876196
5.695955,,,,0.045102920364876196
5.703955,,,,0.045102920364876196
5.711955,,,,0.045102920364876196
5.719955,,,,0.045102920364876196
5.727955,,,,0.045102920364876196
5.735955,,,,0.045102920364876196
5.743955,,,,0.045102920364876196
5.751955,,,,0.045102920364876196
5.759954,,,,0.045102920364876196
5.767954,,,,0.045102920364876196
5.775954,,,,0.045102920364876196
5.783954,,,,0.045102920364876196
5.791954,,,,0.045102920364876196
5.799954,,,,0.045102920364876196
5.807954,,,,0.045102920364876196
5.815954,,,,0.045102920364876196
5.823954,,,,0.045102920364876196
5.831954,,,,0.045102920364876196
5.839953,,,,0.045102920364876196
5.847953,,,,0.04509686675052952
5.855953,,,,0.04509686675052952
5.863953,,,,0.045102920364876196
5.871953,,,,0.045102920364876196
5.879953,,,,0.045102920364876196
5.887953,,,,0.045102920364876196
5.895953,,,,0.045102920364876196
5.903953,,,,0.045102920364876196
5.911952,,,,0.045102920364876196
5.919952,,,,0.045102920364876196
5.927952,,,,0.045102920364876196
5.935952,,,,0.045102920364876196
5.943952,,,,0.045102920364876196
5.951952,,,,0.045102920364876196
5.959952,,,,0.045102920364876196
5.967952,,,,0.045102920364876196
5.975952,,,,0.045102920364876196
5.983952,,,,0.045102920364876196
5.991951,,,,0.045102920364876196
5.999951,,,,0.04509686675052952
6.007951,,,,0.04509686675052952
6.015951,,,,0.04509686675052952
6.023951,,,,0.04509686675052952
6.031951,,,,0.04509686675052952
6.039951,,,,0.04509686675052952
6.047951,,,,0.04509686675052952
6.055951,,,,0.04509686675052952
6.063951,,,,0.04509686675052952
6.07195,,,,0.04509686675052952
6.07995,,,,0.04509686675052952
6.08795,,,,0.04509686675052952
6.09595,,,,0.04509686675052952
6.10395,,,,0.04509686675052952
6.11195,,,,0.04509686675052952
6.11995,,,,0.04509686675052952
6.12795,,,,0.04509686675052952
6.13595,,,,0.04509686675052952
6.14395,,,,0.04509686675052952
6.151949,,,,0.04509686675052952
6.159949,,,,0.04509686675052952
6.167949,,,,0.04509686675052952
6.175949,,,,0.04509686675052952
6.183949,,,,0.04509686675052952
6.191949,,,,0.04509686675052952
6.199949,,,,0.04509686675052952
6.207949,,,,0.045102920364876196
6.215949,,,,0.045102920364876196
6.223948,,,,0.045102920364876196
6.231948,,,,0.045102920364876196
6.239948,,,,0.045102920364876196
6.247948,,,,0.045102920364876196
6.255948,,,,0.045102920364876196
6.263948,,,,0.045102920364876196
6.271948,,,,0.045102920364876196
6.279948,,,,0.045102920364876196
6.287948,,,,0.045102920364876196
6.295948,,,,0.045102920364876196
6.303947,,,,0.045102920364876196
6.311947,,,,0.045102920364876196
6.319947,,,,0.045102920364876196
6.327947,,,,0.045102920364876196
6.335947,,,,0.045102920364876196
6.343947,,,,0.045102920364876196
6.351947,,,,0.045102920364876196
6.359947,,,,0.045102920364876196
6.367947,,,,0.045102920364876196
6.375947,,,,0.045102920364876196
6.383946,,,,0.045102920364876196
6.391946,,,,0.045102920364876196
6.399946,,,,0.045102920364876196
6.407946,,,,0.045102920364876196
6.415946,,,,0.045102920364876196
6.423946,,,,0.045102920364876196
6.431946,,,,0.045102920364876196
6.439946,,,,0.045102920364876196
6.447946,,,,0.045102920364876196
6.455945,,,,0.045102920364876196
6.463945,,,,0.045102920364876196
6.471945,,,,0.045102920364876196
6.479945,,,,0.045102920364876196
6.487945,,,,0.045102920364876196
6.495945,,,,0.045102920364876196
6.503945,,,,0.045102920364876196
6.511945,,,,0.045102920364876196
6.519945,,,,0.045102920364876196
6.527945,,,,0.045102920364876196
6.535944,,,,0.045102920364876196
6.543944,,,,0.045102920364876196
6.551944,,,,0.045102920364876196
6.559944,,,,0.045102920364876196
6.567944,,,,0.045102920364876196
6.575944,,,,0.045102920364876196
6.583944,,,,0.045102920364876196
6.591944,,,,0.045102920364876196
6.599944,,,,0.045102920364876196
6.607944,,,,0.045102920364876196
6.615943,,,,0.045102920364876196
6.623943,,,,0.045102920364876196
6.631943,,,,0.045102920364876196
6.639943,,,,0.045102920364876196
6.647943,,,,0.045102920364876196
6.655943,,,,0.045102920364876196
6.663943,,,,0.045102920364876196
6.671943,,,,0.045102920364876196
6.679943,,,,0.045102920364876196
6.687943,,,,0.045102920364876196
6.695942,,,,0.045102920364876196
6.703942,,,,0.045102920364876196
6.711942,,,,0.04509686675052952
6.719942,,,,0.04509686675052952
6.727942,,,,0.04509686675052952
6.735942,,,,0.04509686675052952
6.743942,,,,0.045102920364876196
6.751942,,,,0.045102920364876196
6.759942,,,,0.045102920364876196
6.767941,,,,0.04509686675052952
6.775941,,,,0.04509686675052952
6.783941,,,,0.04509686675052952
6.791941,,,,0.04509686675052952
6.799941,,,,0.04509686675052952
6.807941,,,,0.04509686675052952
6.815941,,,,0.04509686675052952
6.823941,,,,0.04509686675052952
6.831941,,,,0.04509686675052952
6.839941,,,,0.04509686675052952
6.84794,,,,0.04509686675052952
6.85594,,,,0.04509686675052952
6.86394,,,,0.04509686675052952
6.87194,,,,0.04509686675052952
6.87994,,,,0.04509686675052952
6.88794,,,,0.04509686675052952
6.89594,,,,0.04509686675052952
6.90394,,,,0.04509686675052952
6.91194,,,,0.04509686675052952
6.91994,,,,0.04509686675052952
6.927939,,,,0.045102920364876196
6.935939,,,,0.04510897397922287
6.943939,,,,0.04510897397922287
6.951939,,,,0.045121091331017146
6.959939,,,,0.045121091331017146
6.967939,,,,0.04512715506846474
6.975939,,,,0.04512715506846474
6.983939,,,,0.04513320868281141
6.991939,,,,0.04513320868281141
6.999938,,,,0.04513320868281141
7.007938,,,,0.04513320868281141
7.015938,,,,0.04513320868281141
7.023938,,,,0.04513320868281141
7.031938,,,,0.04513320868281141
7.039938,,,,0.04513320868281141
7.047938,,,,0.04513926229715809
7.055938,,,,0.04513926229715809
7.063938,,,,0.04513926229715809
7.071938,,,,0.04513320868281141
7.079937,,,,0.04513926229715809
7.087937,,,,0.04513320868281141
7.095937,,,,0.04513320868281141
7.103937,,,,0.04513320868281141
7.111937,,,,0.04513926229715809
7.119937,,,,0.04513926229715809
7.127937,,,,0.04513926229715809
7.135937,,,,0.04513926229715809
7.143937,,,,0.04513926229715809
7.151937,,,,0.04513926229715809
7.159936,,,,0.04513926229715809
7.167936,,,,0.04513926229715809
7.175936,,,,0.04513926229715809
7.183936,,,,0.04513926229715809
7.191936,,,,0.04513926229715809
7.199936,,,,0.04513926229715809
7.207936,,,,0.045145326034605686
7.215936,,,,0.045145326034605686
7.223936,,,,0.045145326034605686
7.231936,,,,0.04513926229715809
7.239935,,,,0.04513926229715809
7.247935,,,,0.04513926229715809
7.255935,,,,0.04513926229715809
7.263935,,,,0.04513926229715809
7.271935,,,,0.04513926229715809
7.279935,,,,0.04513926229715809
7.287935,,,,0.04513926229715809
7.295935,,,,0.04513926229715809
7.303935,,,,0.04513926229715809
7.311934,,,,0.04513926229715809
7.319934,,,,0.04513926229715809
7.327934,,,,0.04513926229715809
7.335934,,,,0.04513926229715809
7.343934,,,,0.04513926229715809
7.351934,,,,0.045145326034605686
7.359934,,,,0.045145326034605686
7.367934,,,,0.045145326034605686
7.375934,,,,0.045145326034605686
7.383934,,,,0.045145326034605686
7.391933,,,,0.045145326034605686
7.399933,,,,0.04513926229715809
7.407933,,,,0.04513926229715809
7.415933,,,,0.04513926229715809
7.423933,,,,0.04513926229715809
7.431933,,,,0.04513926229715809
7.439933,,,,0.04513926229715809
7.447933,,,,0.04513926229715809
7.455933,,,,0.04513926229715809
7.463933,,,,0.04513926229715809
7.471932,,,,0.04513926229715809
7.479932,,,,0.04513926229715809
7.487932,,,,0.04513926229715809
7.495932,,,,0.045145326034605686
7.503932,,,,0.045145326034605686
7.511932,,,,0.04513926229715809
7.519932,,,,0.04513926229715809
7.527932,,,,0.04513926229715809
7.535932,,,,0.04513926229715809
7.543931,,,,0.04513926229715809
7.551931,,,,0.045145326034605686
7.559931,,,,0.045145326034605686
7.567931,,,,0.045145326034605686
7.575931,,,,0.04513926229715809
7.583931,,,,0.045145326034605686
7.591931,,,,0.045145326034605686
7.599931,,,,0.045145326034605686
7.607931,,,,0.04513926229715809
7.615931,,,,0.045145326034605686
7.62393,,,,0.045145326034605686
7.63193,,,,0.045145326034605686
7.63993,,,,0.045145326034605686
7.64793,,,,0.045145326034605686
7.65593,,,,0.045145326034605686
7.66393,,,,0.045145326034605686
7.67193,,,,0.045145326034605686
7.67993,,,,0.045145326034605686
7.68793,,,,0.045145326034605686
7.69593,,,,0.045145326034605686
7.703929,,,,0.045145326034605686
7.711929,,,,0.045145326034605686
7.719929,,,,0.045145326034605686
7.727929,,,,0.045145326034605686
7.735929,,,,0.04515137964895236
7.743929,,,,0.04515137964895236
7.751929,,,,0.04515137964895236
7.759929,,,,0.04515137964895236
7.767929,,,,0.04515137964895236
7.775928,,,,0.04515137964895236
7.783928,,,,0.04515137964895236
7.791928,,,,0.04515137964895236
7.799928,,,,0.04515137964895236
7.807928,,,,0.04515744338639996
7.815928,,,,0.045236190988411334
7.823928,,,,0.04531493859042273
7.831928,,,,0.045660217316403476
7.839928,,,,0.04584800083836146
7.847928,,,,0.04649617286679531
7.855927,,,,0.04673846928717615
7.863927,,,,0.047441154214032846
7.871927,,,,0.04765317243957937
7.879927,,,,0.048204405653659056
7.887927,,,,0.0483376762771942
7.895927,,,,0.04867084777448159
7.903927,,,,0.048737478024698716
7.911927,,,,0.0488889196143748
7.919927,,,,0.048907090580515754
7.927927,,,,0.04893737889845097
7.935926,,,,0.04893132528410429
7.943926,,,,0.0488889196143748
7.951926,,,,0.04885863129643958
7.959926,,,,0.048761712728287256
7.967926,,,,0.048719307058557766
7.975926,,,,0.0485981537868169
7.983926,,,,0.048555748117087405
7.991926,,,,0.04843459484534653
7.999926,,,,0.04839219929871796
8.007926,,,,0.04825892867518282
8.015926,,,,0.04821046939110665
8.023927,,,,0.04805297418708388
8.031927,,,,0.047998451165560126
8.039927,,,,0.04782883860974309
8.047928,,,,0.047774325711320245
8.055928,,,,0.04760471315550321
8.063929,,,,0.047556243748326114
8.071929,,,,0.04739874854430336
8.079929,,,,0.047350289260227184
8.08793,,,,0.047204911407998686
8.09593,,,,0.04715038838647493
8.10393,,,,0.04699894679679884
8.111931,,,,0.04695048751272268
8.119931,,,,0.04679299230869991
8.127932,,,,0.04673241567282947
8.135932,,,,0.046568856731359104
8.143932,,,,0.04650828009548867
8.151933,,,,0.046338667539671634
8.159933,,,,0.0462841546412488
8.167933,,,,0.04612665943722603
8.175934,,,,0.04607213641570227
8.183934,,,,0.04591464121167949
8.191935,,,,0.045866181927603326
8.199935,,,,0.04570867660047965
8.207935,,,,0.045654163702056806
8.215936,,,,0.045496668498034035
8.223936,,,,0.045442145476510286
8.231936,,,,0.045272532920693234
8.239937,,,,0.04521802002227039
8.247937,,,,0.04505446108080004
8.255938,,,,0.044999938059276275
8.263938,,,,0.044836389240906833
8.271938,,,,0.04478186621938307
8.279939,,,,0.044624371015360306
8.287939,,,,0.04457591173128414
8.295939,,,,0.04441841652726137
8.30394,,,,0.044363893505737606
8.31194,,,,0.04420033456426725
8.319941,,,,0.04414582166584441
8.327941,,,,0.043976209110027364
8.335941,,,,0.04392168608850361
8.343942,,,,0.04375207353268657
8.351942,,,,0.04369756063426372
8.359942,,,,0.043527948078446684
8.367943,,,,0.04347342505692293
8.375943,,,,0.043315929852900156
8.383944,,,,0.043255353217029724
8.391944,,,,0.04309179427555936
8.399944,,,,0.04303728137713651
8.407945,,,,0.04287372243566616
8.415945,,,,0.04281920953724331
8.423945,,,,0.04264959698142628
8.431946,,,,0.04259507395990252
8.439946,,,,0.04243152514153307
8.447947,,,,0.04237700212000932
8.455947,,,,0.04221950691598654
8.463947,,,,0.042164983894462785
8.471948,,,,0.04200748869044002
8.479948,,,,0.04195296566891626
8.487948,,,,0.0417954704648935
8.495949,,,,0.04174095756647065
8.503949,,,,0.041571345010653606
8.51195,,,,0.04151682198912985
8.51995,,,,0.0413532731707604
8.52795,,,,0.04129269653488997
8.535951,,,,0.041129137593419615
8.543951,,,,0.04107461457189585
8.551951,,,,0.04091106575352641
8.559952,,,,0.040856542732002635
8.567952,,,,0.04069904752797988
8.575953,,,,0.04064452450645612
8.583953,,,,0.04048097568808667
8.591953,,,,0.04042645266656292
8.599954,,,,0.04026290384819347
8.607954,,,,0.04020838082666972
8.615954,,,,0.040044832008300266
8.623955,,,,0.0399903089867765
8.631955,,,,0.03982675004530615
8.639956,,,,0.039772237146883306
8.647956,,,,0.039608678205412945
8.655956,,,,0.0395541653069901
8.663957,,,,0.039390606365519734
8.671957,,,,0.03933608334399598
8.679957,,,,0.039178588139973214
8.687958,,,,0.039124075241550364
8.695958,,,,0.038954462685733326
8.703959,,,,0.03889993966420957
8.711959,,,,0.03873639084584013
8.719959,,,,0.03868186782431637
8.72796,,,,0.038518308882846006
8.73596,,,,0.038463795984423156
8.74396,,,,0.0383002370429528
8.751961,,,,0.03824572414452996
8.759961,,,,0.038088218817406275
8.767962,,,,0.03803370591898343
8.775962,,,,0.037870146977513064
8.783962,,,,0.03781563407909022
8.791963,,,,0.03764602152327319
8.799963,,,,0.03759149850174943
8.807963,,,,0.03742794968337998
8.815964,,,,0.037373426661856224
8.823964,,,,0.03720986772038586
8.831964,,,,0.03715535482196302
8.839965,,,,0.03699179588049266
8.847965,,,,0.036937282982069816
8.855966,,,,0.036773724040599455
8.863966,,,,0.03671921114217661
8.871966,,,,0.03655565220070625
8.879967,,,,0.03650112917918249
8.887967,,,,0.03633758036081304
8.895967,,,,0.036283057339289285
8.903968,,,,0.03611344478347225
8.911968,,,,0.036058931885049404
8.919969,,,,0.03589537294357905
8.927969,,,,0.03583479630770861
8.935969,,,,0.03567123736623825
8.94397,,,,0.0356167244678154
8.95197,,,,0.03545316552634504
8.95997,,,,0.035398652627922196
8.967971,,,,0.035229040072105165
8.975971,,,,0.0351745170505814
8.983972,,,,0.03501702184655863
8.991972,,,,0.034962498825034875
8.999972,,,,0.03479895000666543
9.007973,,,,0.034744426985141665
9.015973,,,,0.0345869317811189
9.023973,,,,0.034532408759595144
9.031974,,,,0.0343688599412257
9.039974,,,,0.034308283305355264
9.047975,,,,0.0341447243638849
9.055975,,,,0.03409021146546205
9.063975,,,,0.0339266525239917
9.071976,,,,0.03387213962556885
9.079976,,,,0.03370858068409849
9.087976,,,,0.03365405766257474
9.095977,,,,0.033490508844205284
9.103977,,,,0.03343598582268153
9.111978,,,,0.03327243700431208
9.119978,,,,0.033217913982788325
9.127978,,,,0.03304830142697129
9.135979,,,,0.032993788528548444
9.143979,,,,0.03283022958707808
9.151979,,,,0.03277570656555432
9.15998,,,,0.03260609400973728
9.16798,,,,0.03255158111131444
9.175981,,,,0.03238802216984408
9.183981,,,,0.032333509271421236
9.191981,,,,0.032169950329950875
9.199982,,,,0.03211543743152803
9.207982,,,,0.03195187849005767
9.215982,,,,0.031897355468533915
9.223983,,,,0.03173380665016447
9.231983,,,,0.031679283628640705
9.239984,,,,0.03150967107282367
9.247984,,,,0.031455158174400824
9.255984,,,,0.03129159923293046
9.263985,,,,0.03123102259706003
9.271985,,,,0.031061410041242986
9.279985,,,,0.031006897142820143
9.287986,,,,0.03083727446390219
9.295986,,,,0.030782761565479346
9.303987,,,,0.03061920262400899
9.311987,,,,0.030564689725586146
9.319987,,,,0.03040113078411578
9.327988,,,,0.03034661788569294
9.335988,,,,0.03018305894422258
9.343988,,,,0.03012853592269882
9.351989,,,,0.029964987104329373
9.359989,,,,0.029910464082805614
9.36799,,,,0.029752968878782846
9.37599,,,,0.029698455980360004
9.38399,,,,0.029534897038889642
9.391991,,,,0.029480374017365887
9.399991,,,,0.029316825198996435
9.407991,,,,0.02926230217747268
9.415992,,,,0.02909875335910323
9.423992,,,,0.02904423033757948
9.431993,,,,0.028886735133556704
9.439993,,,,0.028826158497686268
9.447993,,,,0.02866259955621591
9.455994,,,,0.028608086657793064
9.463994,,,,0.028444527716322707
9.471994,,,,0.02839001481789986
9.479995,,,,0.0282264558764295
9.487995,,,,0.02817193285490574
9.495996,,,,0.028002320299088702
9.503996,,,,0.02794780740066586
9.511996,,,,0.027778194844848822
9.519997,,,,0.027723671823325063
9.527997,,,,0.027560123004955618
9.535997,,,,0.027505599983431855
9.543998,,,,0.027342041041961498
9.551998,,,,0.027287528143538655
9.559999,,,,0.02712396920206829
9.567999,,,,0.027069456303645448
9.575999,,,,0.02691196109962268
9.584,,,,0.02685743807809892
9.592,,,,0.026693879136628563
9.6,,,,0.026639366238205717
9.608001,,,,0.02647580729673536
9.616001,,,,0.026421294398312513
9.624002,,,,0.026257735456842148
9.632002,,,,0.026203222558419306
9.640002,,,,0.026039663616948948
9.648003,,,,0.02598514059542519
9.656003,,,,0.02581552803960815
9.664003,,,,0.02576706875553199
9.672004,,,,0.025603519937162537
9.680004,,,,0.02554899691563878
9.688004,,,,0.02538543797416842
9.696005,,,,0.025330925075745574
9.704005,,,,0.025167366134275216
9.712006,,,,0.025106789498404777
9.720006,,,,0.024943240680035332
9.728006,,,,0.024888717658511573
9.736007,,,,0.024725168840142128
9.744007,,,,0.024664592204271692
9.752007,,,,0.02449497964845465
9.760008,,,,0.024440456626930892
9.768008,,,,0.024270844071113858
9.776009,,,,0.024216321049590095
9.784009,,,,0.02405277223122065
9.792009,,,,0.02399824920969689
9.80001,,,,0.02383470039132745
9.80801,,,,0.023780177369803687
9.81601,,,,0.023616628551434243
9.824011,,,,0.023562105529910483
9.832011,,,,0.023398546588440122
9.840012,,,,0.02334403369001728
9.848012,,,,0.023186538485994515
9.856012,,,,0.023132015464470756
9.864013,,,,0.02296845652300039
9.872013,,,,0.022919997238924225
9.880013,,,,0.02276250203490146
9.888014,,,,0.022707989136478614
9.896014,,,,0.02254443019500825
9.904015,,,,0.022495970910932087
9.912015,,,,0.022332411969461723
9.920015,,,,0.02227789907103888
9.928016,,,,0.022114340129568522
9.936016,,,,0.022059817108044763
9.944016,,,,0.021902321904021995
9.952017,,,,0.02184780900559915
9.960017,,,,0.02168425006412879
9.968018,,,,0.021629727042605032
9.976018,,,,0.021466178224235587
9.984018,,,,0.021411655202711828
9.992019,,,,0.021254159998689057
10.000019,,,,0.021199647100266214
10.008019,,,,0.021036088158795853
10.01602,,,,0.0209815651372721
10.02402,,,,0.020824069933249326
10.032021,,,,0.02076955703482648
10.040021,,,,0.020605998093356125
10.048021,,,,0.020551475071832363
10.056022,,,,0.020387926253462918
10.064022,,,,0.02033340323193916
10.072022,,,,0.020175908027916387
10.080023,,,,0.020121395129493545
10.088023,,,,0.019957836188023187
10.096024,,,,0.019903313166499428
10.104024,,,,0.019739764348129976
10.112024,,,,0.019691305064053814
10.120025,,,,0.019527746122583456
10.128025,,,,0.01946716948671302
10.136025,,,,0.01930361054524266
10.144026,,,,0.01925515126116649
10.152026,,,,0.019085538705349448
10.160027,,,,0.019031025806926605
10.168027,,,,0.01886141325110957
10.176027,,,,0.018806890229585812
10.184028,,,,0.01863727767376877
10.192028,,,,0.018582764775345928
10.200028,,,,0.01841315221952889
10.208029,,,,0.018358629198005134
10.216029,,,,0.018189016642188093
10.22403,,,,0.018134493620664334
10.23203,,,,0.017964881064847293
10.24003,,,,0.01791036816642445
10.248031,,,,0.017740755610607412
10.256031,,,,0.017686232589083657
10.264031,,,,0.017528737385060885
10.272032,,,,0.017474224486638042
10.280032,,,,0.017304611930821005
10.288033,,,,0.01725008890929725
10.296033,,,,0.017086529967826884
10.304033,,,,0.01703201706940404
10.312034,,,,0.01686845812793368
10.320034,,,,0.016813945229510834
10.328034,,,,0.016650386288040477
10.336035,,,,0.016595873389617634
10.344035,,,,0.01643836806249395
10.352036,,,,0.016383855164071103
10.360036,,,,0.016220296222600745
10.368036,,,,0.016165783324177903
10.376037,,,,0.01600222438270754
10.384037,,,,0.01594770136118378
10.392037,,,,0.015778088805366745
10.400038,,,,0.0157235759069439
10.408038,,,,0.01556001696547354
10.416039,,,,0.015505504067050695
10.424039,,,,0.015347998739927012
10.432039,,,,0.015293485841504167
10.44004,,,,0.015129926900033808
10.44804,,,,0.015075414001610962
10.45604,,,,0.0149118550601406
10.464041,,,,0.014857342161717758
10.472041,,,,0.014693783220247397
10.480042,,,,0.014639260198723641
10.488042,,,,0.014475711380354193
10.496042,,,,0.014421188358830434
10.504043,,,,0.014251575803013398
10.512043,,,,0.014197062904590553
10.520043,,,,0.014033503963120192
10.528044,,,,0.013978991064697346
10.536044,,,,0.013809378508880308
10.544044,,,,0.01375485548735655
10.552045,,,,0.01359129654588619
10.560045,,,,0.013536783647463347
10.568046,,,,0.013373224705992986
10.576046,,,,0.013318711807570143
10.584046,,,,0.013155152866099782
10.592047,,,,0.01310063996767694
10.600047,,,,0.012937081026206578
10.608047,,,,0.012882558004682819
10.616048,,,,0.01271294544886578
10.624048,,,,0.012658432550442935
10.632049,,,,0.012488819994625897
10.640049,,,,0.01243429697310214
10.648049,,,,0.012276801769079372
10.65605,,,,0.01222227874755561
10.66405,,,,0.012058729929186168
10.67205,,,,0.012004206907662407
10.680051,,,,0.01184065808929296
10.688051,,,,0.011786135067769203
10.696052,,,,0.011622586249399757
10.704052,,,,0.011568063227876
10.712052,,,,0.011404504286405638
10.720053,,,,0.011349991387982795
10.728053,,,,0.011186432446512433
10.736053,,,,0.011131919548089588
10.744054,,,,0.010968360606619229
10.752054,,,,0.010913837585095471
10.760055,,,,0.010750288766726025
10.768055,,,,0.010689712130855587
10.776055,,,,0.010526153189385228
10.784056,,,,0.010471640290962383
10.792056,,,,0.010308081349492024
10.800056,,,,0.01025356845106918
10.808057,,,,0.010090009509598818
10.816057,,,,0.010041550225522652
10.824058,,,,0.009877991284052291
10.832058,,,,0.009823478385629447
10.840058,,,,0.009659919444159087
10.848059,,,,0.009605406545736243
10.856059,,,,0.00944184760426588
10.864059,,,,0.009387324582742123
10.87206,,,,0.009223775764372676
10.88006,,,,0.009169252742848919
10.888061,,,,0.00901175753882615
10.896061,,,,0.008957234517302393
10.904061,,,,0.008799739313279624
10.912062,,,,0.00874522641485678
10.920062,,,,0.00858166747338642
10.928062,,,,0.00852714445186266
10.936063,,,,0.008369649247839893
10.944063,,,,0.008315136349417048
10.952064,,,,0.008151577407946687
10.960064,,,,0.008097064509523843
10.968064,,,,0.007927451953706805
10.976065,,,,0.007872928932183047
10.984065,,,,0.007709369990712686
10.992065,,,,0.007654857092289843
11.000066,,,,0.007497361888267074
11.008066,,,,0.007442838866743316
11.016067,,,,0.007273226310926277
11.024067,,,,0.007218703289402518
11.032067,,,,0.007055154471033073
11.040068,,,,0.0070006314495093145
11.048068,,,,0.006837082631139868
11.056068,,,,0.006782559609616111
11.064069,,,,0.0066190107912466635
11.072069,,,,0.006564487769722905
11.08007,,,,0.006400928828252544
11.08807,,,,0.0063464159298297
11.09607,,,,0.006182856988359339
11.104071,,,,0.006128344089936496
11.112071,,,,0.0059647851484661354
11.120071,,,,0.005910272250043291
11.128072,,,,0.005746713308572932
11.136072,,,,0.005692190287049173
11.144073,,,,0.005522577731232134
11.152073,,,,0.00546806483280929
11.160073,,,,0.00530450589133893
11.168074,,,,0.005256046607262763
11.176074,,,,0.005092487665792403
11.184074,,,,0.005037974767369559
11.192075,,,,0.004880479563346791
11.200075,,,,0.004825956541823032
11.208076,,,,0.004662397600352671
11.216076,,,,0.004607884701929827
11.224076,,,,0.004450389497907059
11.232077,,,,0.004395866476383301
11.240077,,,,0.0042323176580138545
11.248077,,,,0.0041838482508367745
11.256078,,,,0.004014235695019735
11.264078,,,,0.0039597227965968915
11.272079,,,,0.0038022275925741235
11.280079,,,,0.003747704571050365
11.288079,,,,0.003584145629580004
11.29608,,,,0.0035296327311571604
11.30408,,,,0.0033660737896867997
11.31208,,,,0.0033176145056106336
11.320081,,,,0.0031540555641402734
11.328081,,,,0.0031055962800641073
11.336082,,,,0.002942047461694661
11.344082,,,,0.002893588177618494
11.352082,,,,0.0027360828504948117
11.360083,,,,0.0026815699520719672
11.368083,,,,0.0025240747480491993
11.376083,,,,0.0024695517265254413
11.384084,,,,0.00230599278505508
11.392084,,,,0.0022575335009789145
11.400084,,,,0.0020939846826094678
11.408085,,,,0.0020394616610857094
11.416085,,,,0.001881966457062941
11.424086,,,,0.001827443435539183
11.432086,,,,0.0016638946171697367
11.440086,,,,0.0016093715956459784
11.448087,,,,0.001445822777276532
11.456087,,,,0.0013912997557527737
11.464087,,,,0.0012277408142824131
11.472088,,,,0.0011732279158595692
11.480088,,,,0.0010096689743892084
11.488089,,,,0.0009551560759663645
11.496089,,,,0.0007915971344960037
11.504089,,,,0.0007310204986255676
11.51209,,,,0.0005492905910142589
11.52009,,,,0.0004887139551438228
11.52809,,,,0.0003130477849801063
11.536091,,,,0.0002706421152506181
11.544091,,,,0.00014343522916306778
11.552092,,,,0.00011314691122784966
11.560092,,,,0.000028335571768873325
11.568092,,,,0.000010164605627925307
11.576093,,,,-0.000032230941000648714
11.584093,,,,-0.00004434829279491875
11.592093,,,,-0.00007463661073013687
11.600094,,,,-0.000080700348177729
11.608094,,,,-0.00009280757687108491
11.616095,,,,-0.00009887131431867703
11.624095,,,,-0.0001109886661129471
11.632095,,,,-0.0001109886661129471
11.640096,,,,-0.00011704228045962506
11.648096,,,,-0.00011704228045962506
11.656096,,,,-0.00011704228045962506
11.664097,,,,-0.000123095894806303
11.672097,,,,-0.000123095894806303
11.680098,,,,-0.000123095894806303
11.688098,,,,-0.000123095894806303
11.696098,,,,-0.000123095894806303
11.704099,,,,-0.000123095894806303
11.712099,,,,-0.000123095894806303
11.720099,,,,-0.0001291596322538951
11.7281,,,,-0.0001291596322538951
11.7361,,,,-0.0001291596322538951
11.744101,,,,-0.0001291596322538951
11.752101,,,,-0.0001291596322538951
11.760101,,,,-0.0001291596322538951
11.768102,,,,-0.0001291596322538951
11.776102,,,,-0.0001291596322538951
11.784102,,,,-0.0001291596322538951
11.792103,,,,-0.0001291596322538951
11.800103,,,,-0.0001291596322538951
11.808104,,,,-0.0001291596322538951
11.816104,,,,-0.0001291596322538951
11.824104,,,,-0.0001291596322538951
11.832105,,,,-0.0001291596322538951
11.840105,,,,-0.0001291596322538951
11.848105,,,,-0.0001291596322538951
11.856106,,,,-0.0001291596322538951
11.864106,,,,-0.0001291596322538951
11.872107,,,,-0.0001291596322538951
11.880107,,,,-0.0001291596322538951
11.888107,,,,-0.0001291596322538951
11.896108,,,,-0.0001291596322538951
11.904108,,,,-0.0001291596322538951
11.912108,,,,-0.0001291596322538951
11.920109,,,,-0.0001291596322538951
11.928109,,,,-0.0001291596322538951
11.93611,,,,-0.0001291596322538951
11.94411,,,,-0.0001291596322538951
11.95211,,,,-0.0001291596322538951
11.960111,,,,-0.0001291596322538951
11.968111,,,,-0.0001291596322538951
11.976111,,,,-0.0001291596322538951
11.984112,,,,-0.0001291596322538951
11.992112,,,,-0.0001291596322538951
12.000113,,,,-0.0001291596322538951
12.008113,,,,-0.0001291596322538951
12.016113,,,,-0.0001291596322538951
12.024114,,,,-0.0001291596322538951
12.032114,,,,-0.0001291596322538951
12.040114,,,,-0.0001291596322538951
12.048115,,,,-0.0001291596322538951
12.056115,,,,-0.0001291596322538951
12.064116,,,,-0.0001291596322538951
12.072116,,,,-0.0001291596322538951
12.080116,,,,-0.0001291596322538951
12.088117,,,,-0.0001291596322538951
12.096117,,,,-0.0001291596322538951
12.104117,,,,-0.0001291596322538951
12.112118,,,,-0.0001291596322538951
12.120118,,,,-0.0001291596322538951
12.128119,,,,-0.0001291596322538951
12.136119,,,,-0.0001291596322538951
12.144119,,,,-0.0001291596322538951
12.15212,,,,-0.0001291596322538951
12.16012,,,,-0.0001291596322538951
12.16812,,,,-0.0001291596322538951
12.176121,,,,-0.0001291596322538951
12.184121,,,,-0.0001291596322538951
12.192122,,,,-0.0001291596322538951
12.200122,,,,-0.0001291596322538951
12.208122,,,,-0.0001291596322538951
12.216123,,,,-0.0001291596322538951
12.224123,,,,-0.0001291596322538951
12.232123,,,,-0.0001291596322538951
12.240124,,,,-0.0001291596322538951
12.248124,,,,-0.0001291596322538951
12.256124,,,,-0.0001291596322538951
12.264125,,,,-0.0001291596322538951
12.272125,,,,-0.0001291596322538951
12.280126,,,,-0.000123095894806303
12.288126,,,,-0.000123095894806303
12.296126,,,,-0.000123095894806303
12.304127,,,,-0.000123095894806303
12.312127,,,,-0.000123095894806303
12.320127,,,,-0.0001291596322538951
12.328128,,,,-0.0001291596322538951
12.336128,,,,-0.0001291596322538951
12.344129,,,,-0.0001291596322538951
12.352129,,,,-0.0001291596322538951
12.360129,,,,-0.0001291596322538951
12.36813,,,,-0.0001291596322538951
12.37613,,,,-0.0001291596322538951
12.38413,,,,-0.0001291596322538951
12.392131,,,,-0.0001291596322538951
12.400131,,,,-0.0001291596322538951
12.408132,,,,-0.0001291596322538951
12.416132,,,,-0.000123095894806303
12.424132,,,,-0.000123095894806303
12.432133,,,,-0.0001291596322538951
12.440133,,,,-0.0001291596322538951
12.448133,,,,-0.000123095894806303
12.456134,,,,-0.000123095894806303
12.464134,,,,-0.000123095894806303
12.472135,,,,-0.0001291596322538951
12.480135,,,,-0.0001291596322538951
12.488135,,,,-0.0001291596322538951
12.496136,,,,-0.0001291596322538951
12.504136,,,,-0.0001291596322538951
12.512136,,,,-0.0001291596322538951
12.520137,,,,-0.0001291596322538951
12.528137,,,,-0.0001291596322538951
12.536138,,,,-0.0001291596322538951
12.544138,,,,-0.0001291596322538951
12.552138,,,,-0.0001291596322538951
12.560139,,,,-0.0001291596322538951
12.568139,,,,-0.0001291596322538951
12.576139,,,,-0.0001291596322538951
12.58414,,,,-0.0001291596322538951
12.59214,,,,-0.0001291596322538951
12.600141,,,,-0.0001291596322538951
12.608141,,,,-0.0001291596322538951
12.616141,,,,-0.0001291596322538951
12.624142,,,,-0.0001291596322538951
12.632142,,,,-0.0001291596322538951
12.640142,,,,-0.0001291596322538951
12.648143,,,,-0.0001291596322538951
12.656143,,,,-0.0001291596322538951
12.664144,,,,-0.0001291596322538951
12.672144,,,,-0.0001291596322538951
12.680144,,,,-0.0001291596322538951
12.688145,,,,-0.0001291596322538951
12.696145,,,,-0.0001291596322538951
12.704145,,,,-0.0001291596322538951
12.712146,,,,-0.0001291596322538951
12.720146,,,,-0.0001291596322538951
12.728147,,,,-0.0001291596322538951
12.736147,,,,-0.0001291596322538951
12.744147,,,,-0.0001291596322538951
12.752148,,,,-0.0001291596322538951
12.760148,,,,-0.0001291596322538951
12.768148,,,,-0.0001291596322538951
12.776149,,,,-0.0001291596322538951
12.784149,,,,-0.0001291596322538951
12.79215,,,,-0.0001291596322538951
12.80015,,,,-0.0001291596322538951
12.80815,,,,-0.0001291596322538951
12.816151,,,,-0.0001291596322538951
12.824151,,,,-0.0001291596322538951
12.832151,,,,-0.0001291596322538951